﻿<?xml version="1.0" encoding="utf-8"?>
<helpItems schema="maml" xmlns="http://msh">
  <command:command xmlns:maml="http://schemas.microsoft.com/maml/2004/10" xmlns:command="http://schemas.microsoft.com/maml/dev/command/2004/10" xmlns:dev="http://schemas.microsoft.com/maml/dev/2004/10" xmlns:MSHelp="http://msdn.microsoft.com/mshelp">
    <command:details>
      <command:name>Add-ClosingComment</command:name>
      <command:verb>Add</command:verb>
      <command:noun>ClosingComment</command:noun>
      <maml:description>
        <maml:para>Adds a comment to a list of issues.</maml:para>
      </maml:description>
    </command:details>
    <maml:description>
      <maml:para>This cmdlet adds a comment to a list of issues. The list of issues is specified in a CSV file. The CSV file must have a column named "apiUrl" that contains the URL of the GitHub API for the issue. You can create this CSV file by using the Find-Issue cmdlet. The comment added to the issue is read from the specified Markdown file.</maml:para>
    </maml:description>
    <command:syntax>
      <command:syntaxItem>
        <maml:name>Add-ClosingComment</maml:name>
        <command:parameter required="true" variableLength="true" globbing="false" pipelineInput="False" position="1" aliases="none">
          <maml:name>CsvPath</maml:name>
          <maml:description>
            <maml:para>The path to the CSV file that contains the list of issues to add a comment to.</maml:para>
          </maml:description>
          <command:parameterValue required="true" variableLength="false">System.String</command:parameterValue>
          <dev:type>
            <maml:name>System.String</maml:name>
            <maml:uri />
          </dev:type>
          <dev:defaultValue>None</dev:defaultValue>
        </command:parameter>
        <command:parameter required="true" variableLength="true" globbing="false" pipelineInput="False" position="2" aliases="none">
          <maml:name>CommentPath</maml:name>
          <maml:description>
            <maml:para>The path to the Markdown file that contains the comment to add to the issue.</maml:para>
          </maml:description>
          <command:parameterValue required="true" variableLength="false">System.String</command:parameterValue>
          <dev:type>
            <maml:name>System.String</maml:name>
            <maml:uri />
          </dev:type>
          <dev:defaultValue>None</dev:defaultValue>
        </command:parameter>
      </command:syntaxItem>
    </command:syntax>
    <command:parameters>
      <command:parameter required="true" variableLength="true" globbing="false" pipelineInput="False" position="2" aliases="none">
        <maml:name>CommentPath</maml:name>
        <maml:description>
          <maml:para>The path to the Markdown file that contains the comment to add to the issue.</maml:para>
        </maml:description>
        <command:parameterValue required="true" variableLength="false">System.String</command:parameterValue>
        <dev:type>
          <maml:name>System.String</maml:name>
          <maml:uri />
        </dev:type>
        <dev:defaultValue>None</dev:defaultValue>
      </command:parameter>
      <command:parameter required="true" variableLength="true" globbing="false" pipelineInput="False" position="1" aliases="none">
        <maml:name>CsvPath</maml:name>
        <maml:description>
          <maml:para>The path to the CSV file that contains the list of issues to add a comment to.</maml:para>
        </maml:description>
        <command:parameterValue required="true" variableLength="false">System.String</command:parameterValue>
        <dev:type>
          <maml:name>System.String</maml:name>
          <maml:uri />
        </dev:type>
        <dev:defaultValue>None</dev:defaultValue>
      </command:parameter>
    </command:parameters>
    <command:inputTypes />
    <command:returnValues />
    <maml:alertSet>
      <maml:alert>
        <maml:para>This cmdlet requires a GitHub personal access token to be stored in the environment variable `$Env:GITHUB_TOKEN`.</maml:para>
      </maml:alert>
    </maml:alertSet>
    <command:examples>
      <command:example>
        <maml:title>-------------------------- EXAMPLE 1 --------------------------</maml:title>
        <dev:code>Add-ClosingComment -CsvPath C:\Temp\issues.csv -CommentPath C:\Temp\comment.md</dev:code>
        <dev:remarks>
          <maml:para></maml:para>
        </dev:remarks>
      </command:example>
    </command:examples>
    <command:relatedLinks>
      <maml:navigationLink>
        <maml:linkText>Online Version:</maml:linkText>
        <maml:uri>https://mikefrobbins.github.io/psdocs-how-to/reference/manageissues/add-closingcomment</maml:uri>
      </maml:navigationLink>
      <maml:navigationLink>
        <maml:linkText>Find-Issue</maml:linkText>
        <maml:uri></maml:uri>
      </maml:navigationLink>
    </command:relatedLinks>
  </command:command>
  <command:command xmlns:maml="http://schemas.microsoft.com/maml/2004/10" xmlns:command="http://schemas.microsoft.com/maml/dev/command/2004/10" xmlns:dev="http://schemas.microsoft.com/maml/dev/2004/10" xmlns:MSHelp="http://msdn.microsoft.com/mshelp">
    <command:details>
      <command:name>Find-Issue</command:name>
      <command:verb>Find</command:verb>
      <command:noun>Issue</command:noun>
      <maml:description>
        <maml:para>Returns a list of stale issues from a GitHub repository.</maml:para>
      </maml:description>
    </command:details>
    <maml:description>
      <maml:para>This cmdlet returns a list of stale issues from a GitHub repository based on the age of the issue. You can be filter by one or more labels. The output can be saved to a CSV file for further processing.</maml:para>
    </maml:description>
    <command:syntax>
      <command:syntaxItem>
        <maml:name>Find-Issue</maml:name>
        <command:parameter required="false" variableLength="true" globbing="false" pipelineInput="False" position="named" aliases="none">
          <maml:name>Label</maml:name>
          <maml:description>
            <maml:para>One or more labels that the issue must have. Multiple labels are specified as an array (comma-separated list).</maml:para>
          </maml:description>
          <command:parameterValue required="true" variableLength="false">System.String[]</command:parameterValue>
          <dev:type>
            <maml:name>System.String[]</maml:name>
            <maml:uri />
          </dev:type>
          <dev:defaultValue>None</dev:defaultValue>
        </command:parameter>
        <command:parameter required="true" variableLength="true" globbing="false" pipelineInput="False" position="named" aliases="none">
          <maml:name>OlderThanDays</maml:name>
          <maml:description>
            <maml:para>The number of days that an issue must be older than to be considered stale.</maml:para>
          </maml:description>
          <command:parameterValue required="true" variableLength="false">System.UInt32</command:parameterValue>
          <dev:type>
            <maml:name>System.UInt32</maml:name>
            <maml:uri />
          </dev:type>
          <dev:defaultValue>0</dev:defaultValue>
        </command:parameter>
        <command:parameter required="false" variableLength="true" globbing="false" pipelineInput="False" position="named" aliases="none">
          <maml:name>OutPath</maml:name>
          <maml:description>
            <maml:para>The path to a CSV file to save the output to. If not specified, the output is displayed in the console.</maml:para>
          </maml:description>
          <command:parameterValue required="true" variableLength="false">System.String</command:parameterValue>
          <dev:type>
            <maml:name>System.String</maml:name>
            <maml:uri />
          </dev:type>
          <dev:defaultValue>None</dev:defaultValue>
        </command:parameter>
        <command:parameter required="false" variableLength="true" globbing="false" pipelineInput="False" position="named" aliases="none">
          <maml:name>RepoName</maml:name>
          <maml:description>
            <maml:para>The name of the repository to search. The default is "MicrosoftDocs/azure-docs".</maml:para>
          </maml:description>
          <command:parameterValue required="true" variableLength="false">System.String</command:parameterValue>
          <dev:type>
            <maml:name>System.String</maml:name>
            <maml:uri />
          </dev:type>
          <dev:defaultValue>MicrosoftDocs/azure-docs</dev:defaultValue>
        </command:parameter>
      </command:syntaxItem>
      <command:syntaxItem>
        <maml:name>Find-Issue</maml:name>
        <command:parameter required="false" variableLength="true" globbing="false" pipelineInput="False" position="named" aliases="none">
          <maml:name>Label</maml:name>
          <maml:description>
            <maml:para>One or more labels that the issue must have. Multiple labels are specified as an array (comma-separated list).</maml:para>
          </maml:description>
          <command:parameterValue required="true" variableLength="false">System.String[]</command:parameterValue>
          <dev:type>
            <maml:name>System.String[]</maml:name>
            <maml:uri />
          </dev:type>
          <dev:defaultValue>None</dev:defaultValue>
        </command:parameter>
        <command:parameter required="true" variableLength="true" globbing="false" pipelineInput="False" position="named" aliases="none">
          <maml:name>OlderThanMonths</maml:name>
          <maml:description>
            <maml:para>The number of months that an issue must be older than to be considered stale.</maml:para>
          </maml:description>
          <command:parameterValue required="true" variableLength="false">System.UInt32</command:parameterValue>
          <dev:type>
            <maml:name>System.UInt32</maml:name>
            <maml:uri />
          </dev:type>
          <dev:defaultValue>0</dev:defaultValue>
        </command:parameter>
        <command:parameter required="false" variableLength="true" globbing="false" pipelineInput="False" position="named" aliases="none">
          <maml:name>OutPath</maml:name>
          <maml:description>
            <maml:para>The path to a CSV file to save the output to. If not specified, the output is displayed in the console.</maml:para>
          </maml:description>
          <command:parameterValue required="true" variableLength="false">System.String</command:parameterValue>
          <dev:type>
            <maml:name>System.String</maml:name>
            <maml:uri />
          </dev:type>
          <dev:defaultValue>None</dev:defaultValue>
        </command:parameter>
        <command:parameter required="false" variableLength="true" globbing="false" pipelineInput="False" position="named" aliases="none">
          <maml:name>RepoName</maml:name>
          <maml:description>
            <maml:para>The name of the repository to search. The default is "MicrosoftDocs/azure-docs".</maml:para>
          </maml:description>
          <command:parameterValue required="true" variableLength="false">System.String</command:parameterValue>
          <dev:type>
            <maml:name>System.String</maml:name>
            <maml:uri />
          </dev:type>
          <dev:defaultValue>MicrosoftDocs/azure-docs</dev:defaultValue>
        </command:parameter>
      </command:syntaxItem>
    </command:syntax>
    <command:parameters>
      <command:parameter required="false" variableLength="true" globbing="false" pipelineInput="False" position="named" aliases="none">
        <maml:name>Label</maml:name>
        <maml:description>
          <maml:para>One or more labels that the issue must have. Multiple labels are specified as an array (comma-separated list).</maml:para>
        </maml:description>
        <command:parameterValue required="true" variableLength="false">System.String[]</command:parameterValue>
        <dev:type>
          <maml:name>System.String[]</maml:name>
          <maml:uri />
        </dev:type>
        <dev:defaultValue>None</dev:defaultValue>
      </command:parameter>
      <command:parameter required="true" variableLength="true" globbing="false" pipelineInput="False" position="named" aliases="none">
        <maml:name>OlderThanDays</maml:name>
        <maml:description>
          <maml:para>The number of days that an issue must be older than to be considered stale.</maml:para>
        </maml:description>
        <command:parameterValue required="true" variableLength="false">System.UInt32</command:parameterValue>
        <dev:type>
          <maml:name>System.UInt32</maml:name>
          <maml:uri />
        </dev:type>
        <dev:defaultValue>0</dev:defaultValue>
      </command:parameter>
      <command:parameter required="true" variableLength="true" globbing="false" pipelineInput="False" position="named" aliases="none">
        <maml:name>OlderThanMonths</maml:name>
        <maml:description>
          <maml:para>The number of months that an issue must be older than to be considered stale.</maml:para>
        </maml:description>
        <command:parameterValue required="true" variableLength="false">System.UInt32</command:parameterValue>
        <dev:type>
          <maml:name>System.UInt32</maml:name>
          <maml:uri />
        </dev:type>
        <dev:defaultValue>0</dev:defaultValue>
      </command:parameter>
      <command:parameter required="false" variableLength="true" globbing="false" pipelineInput="False" position="named" aliases="none">
        <maml:name>OutPath</maml:name>
        <maml:description>
          <maml:para>The path to a CSV file to save the output to. If not specified, the output is displayed in the console.</maml:para>
        </maml:description>
        <command:parameterValue required="true" variableLength="false">System.String</command:parameterValue>
        <dev:type>
          <maml:name>System.String</maml:name>
          <maml:uri />
        </dev:type>
        <dev:defaultValue>None</dev:defaultValue>
      </command:parameter>
      <command:parameter required="false" variableLength="true" globbing="false" pipelineInput="False" position="named" aliases="none">
        <maml:name>RepoName</maml:name>
        <maml:description>
          <maml:para>The name of the repository to search. The default is "MicrosoftDocs/azure-docs".</maml:para>
        </maml:description>
        <command:parameterValue required="true" variableLength="false">System.String</command:parameterValue>
        <dev:type>
          <maml:name>System.String</maml:name>
          <maml:uri />
        </dev:type>
        <dev:defaultValue>MicrosoftDocs/azure-docs</dev:defaultValue>
      </command:parameter>
    </command:parameters>
    <command:inputTypes />
    <command:returnValues />
    <maml:alertSet>
      <maml:alert>
        <maml:para>This cmdlet requires a GitHub personal access token to be stored in the environment variable `$Env:GITHUB_TOKEN`.</maml:para>
      </maml:alert>
    </maml:alertSet>
    <command:examples>
      <command:example>
        <maml:title>-------------------------- EXAMPLE 1 --------------------------</maml:title>
        <dev:code>Find-Issue -OlderThanDays 30 -Label 'cloud-shell/svc'</dev:code>
        <dev:remarks>
          <maml:para>This example returns a list of issues that are older than 30 days and have the label "cloud-shell/svc".</maml:para>
        </dev:remarks>
      </command:example>
      <command:example>
        <maml:title>-------------------------- EXAMPLE 2 --------------------------</maml:title>
        <dev:code>Find-Issue -OlderThanMonths 3 -Label 'sql/subsvc', 'synapse-analytics/svc' -OutPath C:\Temp\issues.csv</dev:code>
        <dev:remarks>
          <maml:para>This example returns a list of issues that are older than 3 months and have the labels "sql/subsvc" and "synapse-analytics/svc". The output is saved to the file `C:\Temp\issues.csv`.</maml:para>
        </dev:remarks>
      </command:example>
    </command:examples>
    <command:relatedLinks>
      <maml:navigationLink>
        <maml:linkText>Online Version:</maml:linkText>
        <maml:uri>https://mikefrobbins.github.io/psdocs-how-to/reference/manageissues/find-issue</maml:uri>
      </maml:navigationLink>
      <maml:navigationLink>
        <maml:linkText>Add-ClosingComment</maml:linkText>
        <maml:uri></maml:uri>
      </maml:navigationLink>
    </command:relatedLinks>
  </command:command>
</helpItems>